City,Cloudiness,Country,Date,Humidity,Lat,Lng,Max Temp,Wind Speed
samarai,92,PG,1554514466,100,-10.62,150.67,298.867,1.82
san patricio,92,PY,1554514405,84,-26.98,-56.83,291.267,2.97
cockburn town,88,TC,1554514340,99,21.46,-71.14,298.767,8.97
touros,20,BR,1554512400,94,-5.2,-35.46,298.15,1.5
ati,0,TD,1554514570,34,13.21,18.34,293.167,2.62
cape town,0,ZA,1554514549,72,-33.93,18.42,288.71,3.6
hobyo,24,SO,1554514488,82,5.35,48.53,299.867,4.17
barrow,0,AR,1554514572,69,-38.31,-60.23,285.717,5.72
butaritari,92,KI,1554514572,100,3.07,172.79,300.267,5.67
luderitz,8,NA,1554514490,81,-26.65,15.16,287.517,6.62
guacui,8,BR,1554514573,90,-20.78,-41.68,294.317,1.17
muros,75,ES,1554514436,100,42.77,-9.06,284.26,2.1
dingtao,0,CN,1554514574,61,35.07,115.56,297.467,4.22
salalah,20,OM,1554511800,78,17.01,54.1,299.15,0.5
arraial do cabo,0,BR,1554514455,84,-22.97,-42.02,300.017,7.72
baykit,68,RU,1554514575,78,61.68,96.39,269.017,3.32
thompson,5,CA,1554512400,32,55.74,-97.86,268.15,2.1
pevek,20,RU,1554514576,86,69.7,170.27,260.167,4.87
katobu,0,ID,1554514576,81,-4.94,122.53,303.917,2.27
tuktoyaktuk,5,CA,1554512400,84,69.44,-133.03,256.15,4.1
ushuaia,40,AR,1554512400,80,-54.81,-68.31,278.15,17.5
norman wells,5,CA,1554512400,41,65.28,-126.83,269.15,7.7
almas,88,BR,1554514578,96,-11.57,-47.17,293.767,1.62
lahaina,20,US,1554514471,58,20.87,-156.68,302.15,4.1
novaya ladoga,0,RU,1554514277,77,60.11,32.31,269.82,1.27
punta arenas,75,CL,1554512400,80,-53.16,-70.91,278.15,10.3
vaini,56,IN,1554514579,81,15.34,74.49,296.417,1.02
busselton,0,AU,1554514209,39,-33.64,115.35,290.37,2.92
jamestown,0,AU,1554514324,36,-33.21,138.6,295.767,1.82
camacari,40,BR,1554512400,78,-12.7,-38.32,301.15,3.1
abha,0,SA,1554512400,72,18.22,42.5,290.15,7.2
kampong thum,20,KH,1554514499,79,12.71,104.89,303.117,2.02
georgetown,20,GY,1554512400,74,6.8,-58.16,300.15,4.1
moissala,0,TD,1554514582,28,8.34,17.77,297.017,3.12
rundu,56,NA,1554514463,91,-17.91,19.77,290.767,1.37
aras,0,YE,1554514583,79,14.28,44.38,279.917,0.57
ponta do sol,32,BR,1554514426,96,-20.63,-46,293.067,1.52
okhotsk,88,RU,1554514583,81,59.36,143.24,275.667,2.67
naryan-mar,64,RU,1554514584,87,67.67,53.09,268.417,8.87
atuona,92,PF,1554514385,99,-9.8,-139.03,301.417,6.27
saint-francois,88,FR,1554514329,75,46.42,3.91,281.15,3.6
sur,80,OM,1554514501,76,22.57,59.53,301.117,3.02
chuy,44,UY,1554514318,82,-33.69,-53.46,291.367,5.67
ukiah,20,US,1554514287,71,39.15,-123.21,287.59,4.6
lashio,8,MM,1554514586,74,22.93,97.75,296.567,1.22
puerto ayora,75,EC,1554514229,78,-0.74,-90.35,300.15,2.6
acapulco,75,MX,1554511500,83,16.86,-99.88,300.15,4.6
udachnyy,88,RU,1554514588,68,66.42,112.4,269.917,1.47
bredasdorp,0,ZA,1554514233,93,-34.53,20.04,287.04,2.6
mumford,0,GH,1554514588,92,5.26,-0.76,299.317,3.72
lazaro cardenas,75,MX,1554511320,15,28.39,-105.62,299.15,8.2
aklavik,5,CA,1554512400,53,68.22,-135.01,267.15,3.6
new norfolk,40,AU,1554514575,42,-42.78,147.06,291.48,10.3
komsomolskiy,92,RU,1554514590,91,67.55,63.78,269.117,9.77
khatanga,8,RU,1554514467,85,71.98,102.47,265.317,8.22
hermanus,0,ZA,1554514266,88,-34.42,19.24,287.04,2.68
anderson,75,US,1554514625,100,34.51,-82.65,289.15,1.5
katsuura,20,JP,1554514443,37,33.93,134.5,293.15,7.2
port alfred,80,ZA,1554514343,93,-33.59,26.89,287.59,0.45
kapaa,1,US,1554514405,57,22.08,-159.32,300.15,3.6
souillac,0,FR,1554514586,81,45.6,-0.6,283.15,2.6
rikitea,48,PF,1554514437,100,-23.12,-134.97,298.417,6.62
danielskuil,48,ZA,1554514446,96,-28.19,23.54,285.617,3.97
puerto del rosario,0,ES,1554512400,82,28.5,-13.86,289.15,4.1
hobart,40,AU,1554514575,42,-42.88,147.33,291.48,10.3
kaitangata,0,NZ,1554514375,53,-46.28,169.85,285.37,4.92
santiago del estero,0,AR,1554514664,79,-27.8,-64.26,285.467,1.32
bambous virieux,75,MU,1554514441,83,-20.34,57.76,299.15,5.7
abalak,0,NE,1554514666,55,15.46,6.28,294.667,1.27
baikunthpur,32,IN,1554514666,41,23.26,82.56,302.567,1.02
hilo,75,US,1554514398,61,19.71,-155.08,300.15,5.7
mataura,0,NZ,1554513607,50,-46.19,168.86,287.04,1.79
yellowknife,20,CA,1554512400,44,62.45,-114.38,267.15,1.5
saint-philippe,90,CA,1554514326,86,45.36,-73.48,274.82,5.7
qostanay,0,KZ,1554512400,92,53.17,63.58,270.15,3
lagoa,20,PT,1554514632,87,37.14,-8.45,284.26,2.1
lomovka,90,RU,1554512400,86,53.92,58.37,273.15,2
harper,1,US,1554514551,64,30.3,-99.24,297.15,2.1
mar del plata,12,AR,1554514670,53,-46.43,-67.52,290.317,14.82
virginia beach,90,US,1554514450,93,36.85,-75.98,288.15,1.5
bonthe,44,SL,1554514671,91,7.53,-12.5,299.567,1.77
maracaibo,75,CO,1554512400,69,3.41,-75.78,298.15,6.2
nikolskoye,0,RU,1554514277,68,59.7,30.79,275.37,1.17
mahebourg,75,MU,1554514441,83,-20.41,57.7,299.15,5.7
omboue,24,GA,1554514672,100,-1.57,9.26,300.617,1.62
nome,90,US,1554514622,83,30.04,-94.42,296.48,1.5
kahului,40,US,1554514442,48,20.89,-156.47,302.15,3.6
kavieng,48,PG,1554514673,100,-2.57,150.8,302.267,1.97
coroata,92,BR,1554514674,97,-6.39,-44.31,294.067,0.97
moctezuma,0,MX,1554514674,30,29.81,-109.68,290.217,1.67
port hedland,0,AU,1554512400,21,-20.31,118.58,306.15,5.7
hasaki,20,JP,1554514226,100,35.73,140.83,292.04,4.6
valle de allende,0,MX,1554514675,14,26.94,-105.39,290.667,6.62
vanimo,0,PG,1554514676,100,-2.67,141.3,300.917,2.22
kodiak,1,US,1554514623,54,39.95,-94.76,289.15,4.1
jalu,92,LY,1554514653,95,29.03,21.55,291.467,6.37
saint george,90,GR,1554511800,71,39.45,22.34,285.15,1.27
rio cuarto,0,AR,1554512400,47,-33.13,-64.35,288.15,4.6
bondo,12,CD,1554514678,78,3.81,23.69,296.567,0.97
abonnema,56,NG,1554514678,96,4.71,6.79,297.517,2.52
matay,80,EG,1554514679,52,28.42,30.79,289.817,1.27
tuatapere,0,NZ,1554513607,50,-46.13,167.69,287.04,1.79
albany,90,US,1554514623,80,42.65,-73.75,274.82,2.6
mackenzie,90,CA,1554512580,67,55.34,-123.09,280.15,2.1
victoria,75,BN,1554512400,74,5.28,115.24,303.15,1.5
east london,92,ZA,1554514394,100,-33.02,27.91,291.217,3.02
dikson,76,RU,1554514681,100,73.51,80.55,266.667,5.87
vinces,75,EC,1554512400,74,-1.56,-79.75,301.15,2.6
bekhtery,0,UA,1554512400,55,46.25,32.3,275.15,3
ribeira grande,76,PT,1554514539,96,38.52,-28.7,289.417,9.02
sibolga,48,ID,1554514753,91,1.74,98.78,298.317,0.62
synya,80,RU,1554514753,83,65.37,58.04,269.567,2.87
kaman,0,TR,1554514754,76,39.36,33.73,273.067,1.17
gouyave,75,GD,1554512400,88,12.16,-61.73,297.15,7.7
te anau,0,NZ,1554514754,49,-45.41,167.72,285.117,1.52
morant bay,75,JM,1554512400,58,17.88,-76.41,301.15,4.6
waverley,0,AU,1554514752,57,-33.9,151.26,300.37,3.6
presidente epitacio,20,BR,1554514756,96,-21.76,-52.12,295.917,2.72
kudahuvadhoo,0,MV,1554514756,100,2.67,72.89,301.517,1.82
fort nelson,90,CA,1554512400,79,58.81,-122.69,269.15,1.5
longyearbyen,90,NO,1554511800,62,78.22,15.63,266.15,0.5
bluff,0,AU,1554514757,44,-23.58,149.07,302.667,4.22
nova ushytsya,0,UA,1554514529,75,48.84,27.27,278.15,5.81
severo-kurilsk,88,RU,1554514758,95,50.68,156.12,273.767,5.87
bandarbeyla,0,SO,1554514758,100,9.49,50.81,298.917,1.07
mehamn,0,NO,1554514507,70,71.03,27.85,265.467,3.32
shingu,20,JP,1554512400,45,33.72,135.99,292.15,7.2
novomykolayivka,0,UA,1554514759,62,48.54,32.26,273.417,2.97
port lincoln,8,AU,1554514760,89,-34.72,135.86,291.767,1.97
lebedinyy,80,RU,1554514760,61,58.52,125.52,274.517,2.62
baijiantan,92,CN,1554514762,64,45.63,85.18,288.667,4.17
tiksi,56,RU,1554514762,86,71.64,128.87,267.117,1.87
tabou,80,CI,1554514762,100,4.42,-7.36,301.317,4.67
kalas,24,PK,1554514718,58,33.49,72.96,294.82,1.77
paracuru,0,BR,1554513491,88,-3.41,-39.03,299.15,1
hachinohe,75,JP,1554514208,61,40.47,141.48,281.15,8.2
port elizabeth,90,US,1554514755,93,39.31,-74.98,284.26,2.1
jiuquan,0,CN,1554514765,64,39.73,98.49,283.117,2.67
scarborough,64,GB,1554514744,100,54.28,-0.41,279.26,1
yumen,0,CN,1554514612,30,40.29,97.04,289.117,3.02
bathsheba,75,BB,1554512400,83,13.22,-59.52,297.15,12.3
hithadhoo,0,MV,1554514482,100,-0.6,73.08,301.867,2.22
airai,92,TL,1554514766,73,-8.93,125.41,298.067,1.32
nhulunbuy,75,AU,1554512400,100,-12.18,136.78,297.15,3.6
general roca,0,AR,1554512400,71,-39.03,-67.58,287.15,2.12
avarua,0,CK,1554512400,69,-21.21,-159.78,300.15,3.1
orapa,36,BW,1554514768,80,-21.28,25.37,291.417,4.37
ahuimanu,40,US,1554514686,74,21.44,-157.84,302.04,3.1
ashland,90,US,1554514348,82,38.48,-82.64,289.15,1.5
cascais,20,PT,1554514694,81,38.7,-9.42,284.26,4.6
saint-augustin,92,FR,1554514406,93,44.83,-0.61,283.15,3.6
vao,20,EE,1554514770,73,59.1,26.19,271.917,2.57
lannion,80,FR,1554514223,93,48.73,-3.46,280.37,1.5
presidente medici,92,BR,1554514607,100,-11.18,-61.9,294.767,1.82
codrington,40,AU,1554514393,54,-28.95,153.24,299.15,1.57
cidreira,92,BR,1554514772,92,-30.17,-50.22,293.167,3.67
saskylakh,0,RU,1554514725,86,71.97,114.09,263.767,5.67
castro,90,CL,1554512400,87,-42.48,-73.76,283.15,1
nuuk,68,GL,1554511800,37,64.17,-51.74,276.15,11.8
lata,56,IN,1554514774,100,30.78,78.62,282.217,0.82
grindavik,0,IS,1554514618,86,63.84,-22.43,274.26,2.6
fortuna,0,ES,1554514713,76,38.18,-1.13,283.71,4.1
namatanai,32,PG,1554514775,100,-3.66,152.44,301.417,1.72
zhuhai,0,CN,1554512400,21,40.71,112.04,284.15,2
lorengau,0,PG,1554514775,99,-2.02,147.27,301.817,0.82
vanavara,0,RU,1554514846,69,60.35,102.28,272.667,1.67
hailar,12,CN,1554514672,44,49.2,119.7,276.567,4.12
dudinka,76,RU,1554514847,90,69.41,86.18,267.017,6.77
srednekolymsk,0,RU,1554514847,67,67.46,153.71,268.617,1.52
guaruja,40,BR,1554514392,65,-23.99,-46.26,299.15,3.1
rantepao,12,ID,1554514848,82,-2.97,119.9,299.217,0.72
byron bay,40,AU,1554514832,57,-28.65,153.62,299.82,1.5
marzuq,8,YE,1554514551,87,14.4,46.47,285.117,1.07
svetlaya,76,RU,1554514849,81,46.54,138.33,275.467,1.17
dzaoudzi,20,YT,1554512400,94,-12.79,45.27,300.15,1.5
leshukonskoye,0,RU,1554514850,83,64.9,45.76,265.917,1.07
dalvik,24,SE,1554514222,74,57.79,14.13,276.48,1.5
chokurdakh,12,RU,1554514850,100,70.62,147.9,265.917,2.57
nehe,64,CN,1554514851,65,48.48,124.88,278.817,3.67
ugoofaaru,64,MV,1554514851,99,5.67,73,302.717,1.42
lebu,75,ET,1554512400,72,8.96,38.73,289.15,4.6
leningradskiy,0,RU,1554514852,90,69.38,178.42,259.717,12.87
sobolevo,0,RU,1554514853,70,54.43,31.9,268.517,1.27
grand-lahou,32,CI,1554514853,82,5.24,-5,299.767,2.52
kazerun,68,IR,1554514854,95,29.62,51.65,286.667,1.52
tasiilaq,56,GL,1554511800,68,65.61,-37.64,272.15,11.8
qaanaaq,0,GL,1554514854,67,77.48,-69.36,252.567,3.07
dakar,12,SN,1554512400,68,14.69,-17.45,293.15,9.8
bethel,1,US,1554512160,51,60.79,-161.76,275.15,8.2
dawei,0,MM,1554514856,61,14.07,98.19,303.567,1.07
adrar,0,DZ,1554512400,48,27.87,-0.29,290.15,5.1
la palma,20,CO,1554514857,97,5.36,-74.39,292.667,0.72
anadyr,0,RU,1554512400,78,64.73,177.51,262.15,3
vostok,88,RU,1554514858,70,46.45,135.83,273.767,1.62
moron,68,VE,1554514859,91,10.49,-68.2,291.267,1.22
rahimatpur,0,IN,1554514859,75,17.59,74.2,296.167,1.92
zalesovo,80,RU,1554514860,90,54,84.74,275.417,3.27
constitucion,75,MX,1554511440,12,23.99,-104.67,294.15,9.3
narsaq,75,GL,1554511800,47,60.91,-46.05,276.15,13.4
bundaberg,40,AU,1554514522,51,-24.87,152.35,303.15,5.1
yablochnyy,75,RU,1554512400,69,47.17,142.07,276.15,2
college,1,US,1554514719,32,64.86,-147.8,280.15,6.7
san carlos de bariloche,0,AR,1554512400,56,-41.13,-71.31,287.15,9.8
esna,68,RO,1554514862,88,45.2,27.57,277.667,2.42
harindanga,48,IN,1554512400,83,22.04,88.32,296.15,1.5
carlsbad,0,CZ,1554514564,75,50.23,12.87,282.04,2.6
chudovo,0,RU,1554514863,77,59.12,31.67,269.617,1.12
faanui,88,PF,1554514864,100,-16.48,-151.75,302.467,6.62
torbay,75,CA,1554514711,63,47.66,-52.73,272.04,10.8
barra do garcas,56,BR,1554514854,91,-15.89,-52.26,296.917,1.22
shumskiy,0,RU,1554514865,39,54.83,99.13,274.717,1.37
kazachinskoye,0,RU,1554514865,79,57.69,93.28,273.567,1.67
boldumsaz,0,TM,1554512400,86,42.13,59.67,281.15,4.1
nohfelden,75,DE,1554514843,100,49.59,7.14,279.82,2.1
marinette,90,US,1554514562,87,45.1,-87.63,282.04,3.42
nkowakowa,92,ZA,1554512400,93,-23.89,30.29,285.15,2.6
bama,100,CN,1554514869,100,24.14,107.25,292.567,1.62
pacific grove,75,US,1554514805,67,36.62,-121.92,289.15,3.6
gotsu,0,JP,1554512400,63,35.01,132.22,289.15,2.1
wanaka,0,NZ,1554514941,48,-44.7,169.14,282.217,1.22
jining,0,CN,1554514535,39,35.41,116.58,297.04,0.89
puerto madryn,0,AR,1554514941,54,-42.77,-65.04,292.167,8.02
lasa,0,CY,1554514262,87,34.92,32.53,286.15,2.6
ravar,56,IR,1554514942,39,31.27,56.81,287.567,1.52
dingle,24,PH,1554514943,63,11,122.67,303.917,4.32
carnarvon,0,ZA,1554514943,91,-30.97,22.13,281.617,4.77
nueve de julio,0,AR,1554514943,77,-31.67,-68.39,283.567,1.57
palmer,40,AU,1554514851,55,-34.85,139.16,295.37,5.1
avera,1,US,1554514930,88,33.19,-82.53,293.15,1.5
bosaso,0,SO,1554514945,100,11.28,49.18,299.517,4.67
nuevo progreso,75,US,1554514911,73,26.05,-97.95,300.15,3.1
geraldton,90,CA,1554513240,92,49.72,-86.95,275.15,1
moose factory,90,CA,1554512400,100,51.26,-80.61,274.15,3.1
alice springs,0,AU,1554513000,28,-23.7,133.88,302.15,7.7
padang,20,ID,1554512400,79,-0.92,100.36,302.15,2.1
kaniv,44,UA,1554514947,72,49.76,31.46,274.017,2.77
oxford,1,US,1554514714,82,33.61,-85.83,291.15,1.07
nishihara,20,JP,1554514947,25,35.74,139.53,295.93,3.6
kemi,75,FI,1554513600,80,65.74,24.56,274.15,2.1
upernavik,36,GL,1554514949,100,72.79,-56.15,263.917,4.42
dalianwan,0,CN,1554514845,49,39.03,121.69,285.93,5
hofn,32,IS,1554514918,100,64.25,-15.21,275.467,7.27
raigarh,0,IN,1554514950,44,21.9,83.39,301.067,1.87
pisco,0,PE,1554512400,78,-13.71,-76.2,295.15,4.1
kieta,56,PG,1554514928,94,-6.22,155.63,301.667,2.42
biak,8,ID,1554514951,78,-0.91,122.88,303.517,0.92
khartoum,0,SD,1554512400,11,15.59,32.54,297.15,2.6
sikar,0,IN,1554514952,50,27.61,75.14,298.217,2.07
torquay,40,GB,1554514920,93,50.47,-3.52,281.48,5.7
ugra,0,RU,1554514953,80,54.78,34.32,268.767,1.42
alofi,76,NU,1554512400,88,-19.06,-169.92,300.15,1.5
vredendal,0,ZA,1554514954,76,-31.68,18.49,280.017,1.07
cedar city,90,US,1554514237,43,37.68,-113.06,286.15,5.7
honiara,68,SB,1554514954,89,-9.43,159.96,301.017,0.97
viseu,40,PT,1554514503,93,40.66,-7.91,282.04,1.5
klaksvik,48,FO,1554513600,86,62.23,-6.59,278.15,3.1
san andres,20,PH,1554514956,98,13.32,122.68,301.367,3.37
sabya,8,YE,1554514956,97,16.19,43.1,293.017,1.07
itoman,20,JP,1554514947,64,26.12,127.67,298.15,2.1
kathmandu,75,NP,1554513600,87,27.71,85.32,287.15,6.2
ilulissat,0,GL,1554511800,46,69.22,-51.1,272.15,10.3
nguruka,56,TZ,1554514958,95,-5.11,31.04,292.467,1.57
mayo,75,CA,1554512400,48,63.59,-135.9,273.15,5.1
saint-gabriel,90,CA,1554514588,94,46.3,-73.38,273.15,3.77
esperance,20,TT,1554514819,74,10.24,-61.45,299.15,2.97
laguna,5,MX,1554511260,18,27.52,-110.01,300.15,2.1
ixtapa,90,MX,1554514810,83,20.71,-105.21,297.59,3.6
ketchikan,90,US,1554512160,81,55.34,-131.65,284.15,4.1
nouadhibou,0,MR,1554512400,77,20.93,-17.03,291.15,7.7
kambove,32,CD,1554514962,89,-10.88,26.6,290.617,2.52
tiarei,40,PF,1554512400,62,-17.53,-149.33,305.15,5.1
itarema,80,BR,1554514963,100,-2.92,-39.92,296.467,1.52
comacchio,75,IT,1554514908,76,44.7,12.18,283.71,1.5
vetlanda,20,SE,1554514710,65,57.43,15.09,278.15,2.6
barra do bugres,92,BR,1554515034,98,-15.07,-57.19,295.167,3.42
ust-nera,8,RU,1554515034,78,64.57,143.24,271.267,1.17
jardim,92,BR,1554515035,98,-21.48,-56.15,290.867,6.57
halmstad,44,SE,1554514315,79,56.67,12.86,281.15,4.6
evanston,90,US,1554514883,81,42.04,-87.69,285.37,1.52
saldanha,92,PT,1554515036,97,41.42,-6.55,278.017,5.77
gizo,20,IL,1554514853,87,31.8,34.94,287.04,1
aykhal,20,RU,1554515037,80,65.95,111.51,268.667,1.77
sao jose da coroa grande,100,BR,1554515037,86,-8.9,-35.15,299.517,2.12
salinopolis,92,BR,1554515037,100,-0.61,-47.36,299.667,4.72
isangel,75,VU,1554512400,66,-19.55,169.27,302.15,7.7
durban,92,FR,1554514948,100,43.54,0.58,282.15,3.6
moyale,92,ET,1554515039,70,3.52,39.05,294.717,1.67
lepe,0,ES,1554514326,69,37.26,-7.2,283.71,2.68
chapais,90,CA,1554513360,47,49.78,-74.86,274.15,9.8
ambulu,56,ID,1554515040,100,-8.35,113.61,300.417,1.17
sault sainte marie,90,CA,1554512400,93,46.49,-84.36,275.15,2.1
provideniya,0,RU,1554515041,100,64.42,-173.23,269.417,1.02
ancud,90,CL,1554512400,87,-41.87,-73.83,283.15,1
sept-iles,75,CA,1554514349,45,50.2,-66.38,272.04,2.1
athens,75,US,1554514784,87,34.8,-86.97,290.37,1.82
lompoc,1,US,1554514924,77,34.64,-120.46,290.37,5.1
alta floresta,92,BR,1554515044,93,-9.87,-56.08,297.767,0.92
tautira,40,PF,1554512400,62,-17.73,-149.15,305.15,5.1
vila franca do campo,75,PT,1554515042,87,37.72,-25.43,288.15,6.7
venado tuerto,0,AR,1554514972,52,-33.75,-61.97,283.15,3.77
husavik,0,CA,1554514831,91,50.56,-96.99,272.04,3.37
kungurtug,88,RU,1554515046,85,50.6,97.53,274.767,1.57
longyan,80,CN,1554515047,88,25.1,117.03,292.517,1.17
merauke,24,ID,1554515047,97,-8.49,140.4,302.217,3.72
yar-sale,44,RU,1554515048,84,66.83,70.83,267.717,10.92
filadelfia,88,PY,1554515048,85,-22.35,-60.04,289.767,6.17
hami,0,CN,1554515048,44,42.84,93.51,290.167,2.97
launceston,90,AU,1554514835,51,-41.43,147.14,291.48,6.7
nadym,64,RU,1554515049,88,65.53,72.51,268.267,10.37
santa quiteria do maranhao,92,BR,1554515050,99,-3.52,-42.55,296.617,0.97
hermiston,90,US,1554515048,81,45.84,-119.29,285.37,5.7
roswell,75,US,1554514914,16,33.39,-104.52,297.15,1.5
teguldet,0,RU,1554515051,54,57.31,88.17,276.867,1.42
kruisfontein,24,ZA,1554515051,85,-34,24.73,288.067,3.72
suamico,90,US,1554515049,87,44.63,-88.04,283.15,2.22
cherskiy,0,RU,1554515052,71,68.75,161.3,266.267,1.22
mount gambier,90,AU,1554512400,59,-37.83,140.78,289.15,4.6
namibe,0,AO,1554515053,100,-15.19,12.15,298.217,1.67
nioro,0,GM,1554515053,30,13.79,-15.05,299.567,5.67
diffa,0,NE,1554515053,49,13.32,12.61,295.217,1.17
sioux lookout,90,CA,1554512400,88,50.1,-91.92,276.15,1
jieznas,0,LT,1554514321,55,54.6,24.18,275.93,4.1
praia da vitoria,20,PT,1554514248,82,38.73,-27.07,288.15,10.12
birobidzhan,80,RU,1554515055,63,48.79,132.93,276.917,1.32
cocobeach,20,GA,1554512400,94,1.01,9.58,298.15,1
bela vista de goias,92,BR,1554514797,97,-16.97,-48.95,292.817,1.57
deputatskiy,48,RU,1554515056,87,69.3,139.9,265.767,1.67
petropavlovsk-kamchatskiy,40,RU,1554512400,55,53.05,158.65,277.15,8
vardo,90,US,1554515045,100,39.62,-77.74,279.82,2.1
loksa,0,EE,1554514926,59,59.58,25.72,277.59,2.6
ust-barguzin,0,RU,1554515128,58,53.41,109.03,271.517,1.22
songjianghe,48,CN,1554515128,36,42.18,127.48,280.267,5.02
kormilovka,0,RU,1554512400,74,55,74.1,271.15,1
digha,0,IN,1554515129,89,21.62,87.51,302.267,5.32
kuytun,0,RU,1554515129,45,54.34,101.51,275.417,1.52
grand-santi,100,GF,1554515129,99,4.27,-54.38,296.517,1.27
carbonia,0,IT,1554513600,87,39.17,8.53,279.15,1
erenhot,24,CN,1554515130,44,43.65,111.97,279.317,4.77
toamasina,40,MG,1554512400,94,-18.17,49.38,297.15,1.17
cayenne,90,GF,1554512400,94,4.94,-52.33,297.15,1
nsanje,24,MZ,1554515132,90,-16.92,35.26,296.167,2.57
san cristobal,75,EC,1554514324,93,-0.39,-78.55,287.15,3.6
suluq,0,LY,1554515133,88,31.67,20.25,289.817,5.52
beringovskiy,12,RU,1554515133,91,63.05,179.32,269.817,2.07
juba,0,EE,1554514816,64,57.82,26.93,275.37,1
ayr,80,GB,1554514926,93,55.46,-4.63,278.15,5.7
jijiga,12,ET,1554515134,84,9.35,42.8,285.167,1.27
oranjestad,20,AW,1554512400,74,12.52,-70.03,299.15,8.7
villa sandino,0,NI,1554515135,66,12.05,-84.99,297.817,4.47
gat,8,SN,1554512400,68,14.69,-16.54,293.15,9.8
calvinia,0,ZA,1554515136,74,-31.47,19.78,280.267,2.97
yashan,0,CN,1554515136,71,30.81,118.02,294.817,3.32
coahuayana,0,MX,1554515137,53,18.62,-100.35,293.317,1.27
caravelas,0,BR,1554515098,97,-17.73,-39.27,301.167,6.47
matamoros,90,US,1554515002,88,25.87,-97.51,298.15,4.1
pudozh,0,RU,1554515138,68,61.81,36.54,264.317,1.52
barabinsk,12,RU,1554515138,70,55.35,78.35,275.267,3.52
awbari,32,LY,1554515019,67,26.59,12.77,292.817,2.87
lufilufi,20,WS,1554514943,70,-13.87,-171.6,305.15,6.2
nantucket,90,US,1554515136,74,41.28,-70.1,277.15,3.6
loikaw,0,MM,1554515140,37,19.67,97.21,303.017,1.42
clyde river,75,CA,1554512400,84,70.47,-68.59,254.15,8.2
ayan,0,TR,1554515141,73,40.67,33.6,270.867,0.87
kloulklubed,90,PW,1554511800,94,7.04,134.26,299.15,3.1
raymond,90,US,1554514959,96,43.04,-71.18,277.59,3.6
pangnirtung,88,CA,1554515142,77,66.15,-65.72,263.167,2.22
bocanda,64,CI,1554515142,94,7.06,-4.5,297.067,2.92
kainantu,48,PG,1554515143,74,-6.29,145.87,298.017,0.17
rio grande,92,BR,1554515075,98,-32.03,-52.1,293.017,7.57
santa rosa,0,AR,1554515147,44,-36.62,-64.29,286.367,4.87
margate,40,AU,1554515135,42,-43.03,147.26,291.48,10.3
mihalaseni,0,RO,1554514858,86,47.88,27.07,276.48,5.1
lysyanka,8,UA,1554515148,75,49.25,30.83,272.317,1.32
jinka,68,ET,1554515148,52,5.79,36.57,294.067,0.77
canto do buriti,92,BR,1554515149,97,-8.11,-42.94,294.317,1.32
lipin bor,0,RU,1554515149,58,60.26,37.97,266.167,2.72
talnakh,76,RU,1554515150,96,69.49,88.39,266.567,6.37
thongwa,40,MM,1554512400,88,16.76,96.52,298.15,1.5
portland,40,US,1554515134,58,45.52,-122.67,286.15,6.7
swidwin,0,PL,1554515100,54,53.77,15.78,285.15,4.1
grand gaube,75,MU,1554515041,83,-20.01,57.66,299.15,5.7
jambi,20,ID,1554515152,89,-1.6,103.62,302.267,1.72
the valley,40,AI,1554514351,69,18.22,-63.06,299.15,5.7
poya,0,NC,1554515152,99,-21.35,165.16,298.417,7.37
ust-maya,20,RU,1554515153,60,60.42,134.54,275.667,1.82
winnipeg,90,CA,1554514924,86,49.88,-97.17,273.71,3.6
high rock,76,BS,1554515223,100,26.63,-78.28,297.417,6.17
barnaul,40,RU,1554512400,99,53.35,83.78,273.15,2.87
inza,88,RU,1554515224,92,53.86,46.36,272.717,1.22
nanortalik,88,GL,1554515115,92,60.14,-45.24,273.267,11.87
vila velha,0,BR,1554513491,88,-3.71,-38.6,299.15,1
uribia,0,CO,1554515225,68,11.71,-72.27,298.317,7.17
rawson,12,AR,1554515226,30,-43.3,-65.11,286.017,4.87
fairbanks,1,US,1554515223,32,64.84,-147.72,280.15,6.7
ahmadpur east,0,PK,1554515227,55,29.14,71.26,300.917,2.57
taoudenni,0,ML,1554515227,40,22.68,-3.98,287.617,4.12
guerrero negro,92,MX,1554515228,93,27.97,-114.04,289.317,3.87
callaway,1,US,1554515189,93,46.98,-95.91,279.15,2.02
yulara,0,AU,1554512400,25,-25.24,130.99,302.15,5.7
lodingen,0,NO,1554515209,53,68.41,16,271.48,4.6
dicabisagan,0,PH,1554515174,89,17.08,122.42,300.817,2.42
atar,0,MR,1554515086,52,20.52,-13.05,286.567,3.12
los llanos de aridane,20,ES,1554515110,67,28.66,-17.92,290.15,10.3
muisne,56,EC,1554515232,90,0.61,-80.02,296.217,1.82
devonport,8,AU,1554515170,62,-41.18,146.36,291.48,1.79
erzin,40,TR,1554515111,100,36.95,36.2,286.48,2.1
terra santa,36,BR,1554515233,82,-2.1,-56.49,300.017,1.67
ratnagiri,0,IN,1554515108,100,16.98,73.3,300.017,2.97
corinto,64,BR,1554515234,78,-18.36,-44.46,296.717,1.22
wajir,0,KE,1554515235,67,1.75,40.07,297.967,4.27
innisfail,75,CA,1554515115,61,52.02,-113.95,281.15,4.1
paamiut,36,GL,1554515236,87,61.99,-49.67,274.467,10.57
meulaboh,0,ID,1554515236,99,4.14,96.13,302.267,1.07
puerto leguizamo,12,CO,1554515237,57,-0.19,-74.78,302.317,1.77
svejbaek,100,DK,1554515143,65,56.13,9.63,281.15,4.1
nova olinda do norte,32,BR,1554515237,82,-3.89,-59.1,299.917,2.32
ibra,64,OM,1554515238,40,22.69,58.55,294.267,0.07
zhanaozen,12,KZ,1554515162,66,43.35,52.85,281.817,6.27
lucapa,0,AO,1554515239,94,-8.42,20.74,292.567,1.22
kaili,24,ID,1554515239,74,-3.46,120.21,300.767,1.32
tabuk,12,PH,1554515240,77,17.41,121.44,298.517,0.87
necochea,0,AR,1554515185,84,-38.55,-58.74,284.317,4.87
verkhnevilyuysk,76,RU,1554515240,67,63.45,120.31,275.917,1.42
unai,32,BR,1554515144,93,-16.36,-46.91,293.317,1.77
olinda,75,EC,1554515120,74,-2.03,-79.75,301.15,2.6
saint anthony,40,US,1554514861,75,43.97,-111.68,282.15,6.2
atasu,80,KZ,1554515242,100,48.68,71.64,278.167,3.67
ahipara,64,NZ,1554515242,78,-35.17,173.16,292.667,4.27
qiongshan,40,CN,1554512400,94,20.01,110.35,298.15,3
rocha,68,UY,1554514975,76,-34.48,-54.34,288.567,2.42
havre,1,US,1554515229,47,48.55,-109.68,287.15,7.2
shelburne,90,CA,1554515242,93,44.08,-80.2,276.48,2.1
viedma,0,AR,1554515132,32,-40.81,-62.99,291.317,7.67
gazanjyk,12,TM,1554515315,90,39.24,55.52,286.267,4.62
hovd,0,NO,1554515102,59,63.83,10.7,276.15,7.7
teahupoo,40,PF,1554514943,62,-17.83,-149.27,305.15,4.6
bouza,0,NE,1554515316,60,14.42,6.04,293.667,1.07
sol-iletsk,88,RU,1554515316,92,51.16,55,276.667,1.62
baihar,44,IN,1554515317,43,22.11,80.55,299.917,1.77
porto novo,0,BR,1554512400,78,-23.68,-45.44,298.15,0.5
iralaya,76,HN,1554515318,84,15,-83.23,298.967,3.12
mujiayingzi,68,CN,1554515123,59,42.12,118.78,278.067,2.77
stokke,20,NO,1554515265,83,59.22,10.3,277.04,4.1
rey bouba,0,CM,1554515320,74,8.67,14.18,298.017,1.12
moussoro,0,TD,1554515210,52,13.64,16.49,293.267,1.22
reitz,24,ZA,1554515321,94,-27.8,28.43,283.767,4.37
dunedin,0,NZ,1554514949,48,-45.87,170.5,286.48,4.47
iqaluit,90,CA,1554514922,92,63.75,-68.52,267.15,1
agboville,48,CI,1554515322,92,5.93,-4.21,298.267,2.57
albanel,90,CA,1554512400,37,48.88,-72.44,274.15,2.6
ellisras,68,ZA,1554515323,83,-23.67,27.74,291.817,3.07
muhos,0,FI,1554515299,92,64.81,26,274.15,4.6
havoysund,0,NO,1554513600,63,71,24.66,270.15,6.2
saint-pierre,8,FR,1554515225,86,48.95,4.24,277.15,4.6
maniitsoq,80,GL,1554515216,68,65.42,-52.9,272.517,5.72
mitsamiouli,24,KM,1554515325,100,-11.38,43.28,300.767,1.57
sulur,0,IN,1554512400,94,11.03,77.13,298.15,2.67
zhezkazgan,90,KZ,1554512400,86,47.8,67.71,278.15,4
nurota,24,UZ,1554512400,93,40.56,65.69,281.15,4.92
sistranda,0,NO,1554515077,69,63.73,8.83,276.15,7.7
hamilton,75,BM,1554515229,63,32.3,-64.78,292.15,8.7
dabakala,68,CI,1554515328,92,8.36,-4.43,296.067,1.47
mizdah,0,LY,1554515328,60,31.45,12.98,288.567,3.52
haines junction,76,CA,1554515134,73,60.75,-137.51,269.317,0.97
boddam,75,GB,1554515324,93,57.47,-1.78,279.82,3.6
birao,0,CF,1554515329,40,10.3,22.78,290.417,1.97
pundaguitan,20,PH,1554515330,93,6.37,126.17,301.767,0.72
igarka,64,RU,1554515331,93,67.47,86.57,267.717,8.62
pecos,1,US,1554514918,17,31.42,-103.49,299.15,2.1
celestun,8,MX,1554515332,87,20.87,-90.4,300.367,9.27
catia la mar,32,VE,1554515116,62,10.6,-67.03,293.15,8.02
tangjiazhuang,0,CN,1554515332,37,33.27,105.76,292.467,1.07
mahibadhoo,0,MV,1554515066,100,3.78,72.97,302.067,1.32
prainha,36,BR,1554515082,84,-1.8,-53.48,299.667,2.42
mantua,75,IT,1554515284,81,45.16,10.79,285.15,1.5
moose jaw,90,CA,1554514923,50,50.4,-105.54,278.15,5.7
ouro preto do oeste,68,BR,1554515335,95,-10.75,-62.22,295.717,0.62
svetlogorsk,90,RU,1554512400,84,53.14,59.15,273.15,2
vite,75,ES,1554515281,100,42.89,-8.54,282.59,2.1
powell,90,US,1554515196,81,40.16,-83.08,287.15,2.12
turukhansk,80,RU,1554515336,97,65.8,87.96,271.017,5.57
comodoro rivadavia,0,AR,1554513480,34,-45.87,-67.48,293.15,5.1
gamba,0,CN,1554515337,98,28.28,88.52,266.167,0.42
hanzhong,0,CN,1554515177,36,33.08,107.03,296.117,2.07
dneprovskaya,8,RU,1554514818,94,45.62,38.81,279.26,4.52
veraval,0,FR,1554515393,75,49.65,0.71,280.15,4.1
port hardy,90,CA,1554512400,76,50.7,-127.42,282.15,4.1
roald,64,NO,1554515116,93,62.58,6.12,278.15,3.1
luena,20,AO,1554515410,92,-11.78,19.91,290.317,1.17
port augusta,90,AU,1554514853,64,-32.49,137.76,294.82,4.1
sao filipe,24,CV,1554515410,99,14.9,-24.5,294.267,8.02
yuci,68,CN,1554512400,52,37.68,112.73,289.15,4
kaduqli,0,SD,1554515411,26,11.01,29.72,291.217,3.17
arlit,0,NE,1554515412,26,18.74,7.39,295.367,0.82
flinders,40,AU,1554515406,57,-34.58,150.85,300.93,3.6
whitehaven,0,US,1554515407,77,35.03,-90.03,290.93,2.1
juneau,90,US,1554514140,86,58.3,-134.42,279.15,5.1
mosquera,75,CO,1554512400,87,4.71,-74.23,288.15,3.1
sitka,88,US,1554515185,57,37.17,-99.65,292.04,4.02
belyy yar,0,RU,1554512400,50,53.6,91.39,274.15,3
cuamba,56,MZ,1554515415,90,-14.8,36.54,292.517,1.22
palmas bellas,20,PA,1554515294,83,9.23,-80.09,301.15,1.5
makakilo city,1,US,1554515316,51,21.35,-158.09,301.15,6.7
tezu,0,IN,1554515333,58,27.93,96.16,292.067,0.17
ingham,8,AU,1554515417,82,-18.65,146.16,300.517,6.17
russell,0,AR,1554512400,42,-33.01,-68.8,290.15,1.52
agdam,92,AZ,1554515417,95,39.99,46.93,281.017,1.52
lavrentiya,0,RU,1554515418,91,65.58,-170.99,268.167,2.37
manono,44,CD,1554515418,97,-7.3,27.4,293.967,1.27
dumas,0,IN,1554515419,96,21.09,72.71,300.517,4.77
waki,20,JP,1554515398,67,34.19,132.21,294.26,3.1
tigre,0,AR,1554515402,63,-34.42,-58.58,291.15,1.77
kuchera,0,IN,1554515420,48,26.99,73.97,298.767,2.12
bukavu,12,CD,1554515421,100,-2.51,28.86,286.917,1.07
smithers,90,CA,1554512400,57,54.78,-127.17,284.15,3.1
broken hill,0,AU,1554512400,56,-31.97,141.45,294.15,5.7
picayune,75,US,1554515158,88,30.53,-89.68,295.15,3.6
sinnamary,92,GF,1554515422,93,5.38,-52.96,300.167,5.82
elliot,36,ZA,1554515422,94,-31.33,27.85,280.067,1.07
krabi,0,TH,1554512400,79,8.06,98.92,302.15,1.5
takhtamygda,80,RU,1554515423,51,54.1,123.57,274.917,3.52
strezhevoy,0,RU,1554512400,58,60.73,77.6,272.15,3
henties bay,8,NA,1554512539,93,-22.12,14.28,288.15,3.13
orlik,20,RU,1554515189,75,52.51,99.83,267.267,1.17
fortuna foothills,75,US,1554515405,31,32.66,-114.41,298.15,3.6
najran,40,SA,1554512400,88,17.54,44.22,292.15,1.22
rodrigues alves,0,BR,1554512400,94,-7.74,-72.65,299.15,1.52
liling,0,CN,1554512400,68,27.65,113.49,292.15,3
haradok,0,BY,1554515427,76,55.46,29.99,268.917,1.57
tura,12,IN,1554515427,87,25.52,90.21,295.917,1.77
myitkyina,0,MM,1554515428,81,25.38,97.4,295.017,1.42
mecca,0,SA,1554515165,84,21.43,39.83,287.517,1.22
dali,8,CN,1554515429,91,25.6,100.24,287.067,0.87
krasnyy klyuch,68,RU,1554515429,88,55.39,56.65,273.417,1.67
labuan,75,BN,1554512400,74,5.28,115.24,303.15,1.5
sayyan,0,YE,1554515297,82,15.17,44.32,279.717,0.62
nisia floresta,20,BR,1554512400,83,-6.09,-35.21,300.15,1
kaohsiung,40,TW,1554515090,65,22.62,120.31,300.15,1.5
dryden,90,CA,1554512400,86,49.79,-92.84,276.15,1.5
balkanabat,20,TM,1554515501,75,39.51,54.36,286.917,3.07
umm kaddadah,0,SD,1554515502,23,13.6,26.69,289.867,2.97
manavalakurichi,40,IN,1554512400,74,8.13,77.3,302.15,1.5
puerto escondido,75,MX,1554511500,69,15.86,-97.07,301.15,1.5
maceio,40,BR,1554512400,88,-9.67,-35.74,298.15,1.5
santa isabel do rio negro,0,BR,1554515504,83,-0.41,-65.02,300.267,1.47
arica,0,CL,1554512400,78,-18.48,-70.32,295.15,1
kletskaya,0,RU,1554514398,94,49.31,43.06,272.04,1.27
mareeba,40,AU,1554515456,88,-16.99,145.42,300.15,3.6
vuktyl,8,RU,1554515505,86,63.86,57.31,266.567,1.12
nara,0,JP,1554515025,59,34.68,135.8,292.04,1
tucuman,0,PE,1554515506,86,-17.17,-70.89,284.717,1.17
lerwick,56,GB,1554513600,93,60.15,-1.15,280.15,2.1
zabid,0,YE,1554515507,79,14.2,44.5,279.917,0.57
zyryanka,8,RU,1554515507,77,65.73,150.89,268.767,1.32
pahalgam,88,IN,1554515493,81,34.03,75.33,268.417,0.52
seabra,76,BR,1554515429,97,-12.42,-41.77,291.167,1.22
hambantota,0,LK,1554513000,100,6.12,81.12,298.15,2.1
mandurah,0,AU,1554515172,48,-32.55,115.7,294.82,2.6
yinchuan,0,CN,1554515500,11,38.48,106.21,293.71,2.42
izvestkovyy,88,RU,1554515510,61,48.98,131.55,275.917,0.77
midleton,75,IE,1554514200,93,51.91,-8.17,280.15,6.7
kamaishi,75,JP,1554512400,75,39.28,141.86,280.15,3.1
camacupa,0,AO,1554515511,88,-12.02,17.48,288.667,1.22
upington,0,ZA,1554512400,41,-28.46,21.24,289.15,1.5
ust-kuyga,44,RU,1554515512,91,70,135.55,269.017,1.27
derzhavinsk,0,KZ,1554515513,93,51.1,66.31,274.767,3.32
tiznit,32,MA,1554515417,97,29.7,-9.73,285.767,4.42
auki,8,NG,1554515513,46,12.18,6.51,294.017,3.12
